{
    "rect": [
        0.0,
        0.0,
        639.0,
        0.0,
        639.0,
        479.0,
        0.0,
        479.0
    ],
    "tracker": {
        "gamma": 8.486001014709473,
        "maxArearaduis": 392.5,
        "minAreaRadius": 26.549999237060547,
        "threshold": 35.70000076293945
    }
}
