{
    "rect": [
        268.0,
        27.0,
        688.0,
        79.0,
        663.0,
        353.0,
        300.0,
        661.0
    ],
    "tracker": {
        "gamma": 8.186500549316406,
        "maxArearaduis": 467.5,
        "minAreaRadius": 39.0,
        "threshold": 65.0250015258789
    }
}
